name,EQ_name,symbol,formula,include,G_ref,H_ref,S_ref,V_ref,Cp_ref,omega0,z,prd_omega,prd_ac,compl,gas,a1,a2,a3,a4,c1,c2,comments
"acetate,aq",ACETATE(AQ),CH3COO-,C(2)H(3)O(2),1,-88270,-116180,20.6,40.49992596,6.311742607,1.3182,-1,0,0,0,0,10.018,2.809,6.72,-2.8941,26.3,-3.86,"revised January 26th, 2016; new a1 value from complexes and organics correlation."
"acetic-acid,aq",ACETIC-ACID(AQ),CH3COOH,C(2)H(4)O(2),1,-94760,-116100,42.7,52.01002163,41.0835516,-0.076,0,0,0,0,0,11.5,5.5,1.67,-2.87,44.9,-2.63,Plyasunov & Shock (2001)
Ag+,AG+,Ag(+),Ag(1),1,18427,25275,17.54,-0.800077918,7.899675145,0.216,1,0,1,0,0,2.046419845,-4.387713541,7.018168801,-2.597611922,12.78627351,-1.425436173,Shock & Helgeson (1988) revised with new predicted a1 for cations
"AgCl,aq",AGCL(AQ),AgCl(0),Ag(1)Cl(1),0,-17450,-18270,34.1,27,6.700093693,-0.038,0,0,1,1,0,6.745843118,2.139575589,3.044086894,-2.867450055,9.743184748,-1.669790915,Sverjensky et al. (1997) with new V greater than the sum of a1 values of ions
AgCl2-,AGCL2-,AgCl2(-),Ag(1)Cl(2),0,-51560,-61130,47,53,7.699895915,0.9169,-1,0,1,1,0,12.25332547,7.383245133,-1.352680325,-3.084223354,19.12646662,-1.466131202,Sverjensky et al. (1997) with new V greater than the sum of a1 values of ions
Al+3,AL+3,Al(+3),Al(1),1,-115609,-126834,-77.7,-44.40001704,-32.5,2.753,3,0,0,0,0,-3.3802,-17.0071,14.5185,-2.0758,10.7,-8.06,Shock et al. (1997)
AlO2-,ALO2-,AlO2(-),Al(1)O(2),1,-198693,-222125,-7.22,10,-11.9,1.7418,-1,0,0,1,0,4.298,2.4976,-1.8258,-2.8823,19.1,-6.2,Sverjensky et al. (2014)
AlO2(SiO2)-,ALO2(SIO2)-,AlO2(SiO2)-,Al(1)O(4)Si(1),1,-403500,-440456,4,34.8,32,1.568524,-1,1,1,1,0,9.031258042,4.31551731,1.219580382,-2.957403486,39.37112978,3.4838,Huang & Sverjensky (2019)
"Ar,aq",AR(AQ),Ar(0),Ar(1),0,3900,-2870,14.3,31.70983701,53.34503319,-0.3073,0,0,0,0,1,6.0003,6.8698,3.0499,-3.063,35.6471,7.316,Shock et al. (1989)
Au+,AU+,Au(+),Au(1),1,39000,47580,24.5,11.10032483,0.600207473,0.18,1,0,1,0,0,3.330328905,0.423327522,5.604414972,-2.79650036,8.176673477,-2.912337738,Shock & Helgeson (1988) revised with new predicted a1 for cations
Au+3,AU+3,Au(+3),Au(1),0,103600,96930,-57.9,-41.30034349,-36.19988713,2.4554,3,0,1,0,0,-8.030924431,-2.307121701,13.79833722,-2.683623589,7.572434564,-10.40851701,Shock & Helgeson (1988) revised with new predicted a1 for cations
"B(OH)3,aq",B(OH)3(AQ),B(OH)3(0),B(1)O(3)H(3),0,-231540,-256820,37,39.21994165,12.00002276,-0.2,0,0,0,0,0,7.0643,8.8547,3.5844,-3.1451,11.3568,-0.5902,"Shock, Helgeson & Sverjensky (1989)"
Ba+2,BA+2,Ba(+2),Ba(1),1,-134030,-128500,2.3,-12.59984117,-12.28538059,0.985,2,0,1,0,0,1.101143068,-8.760867807,8.149073569,-2.416825725,8.041256824,-5.537132026,Shock & Helgeson (1988) revised with new predicted a1 for cations
BaCl+,BACL+,BaCl(+),Ba(1)Cl(1),0,-164730,-165770,22.5,16.8,6.179558063,0.2126,1,0,1,1,0,4.885102607,0.367966037,4.529564714,-2.794211716,11.74685524,-1.775824023,Sverjensky et al. (1997) with new V from the sum of a1 values of ions
Be+2,BE+2,Be(+2),Be(1),0,-83500,-91500,-55.7,-25.40019086,-1.300339639,1.9007,2,0,1,0,0,-1.418678693,-9.479067549,9.978610118,-2.387135348,22.91536091,-3.299479184,Shock & Helgeson (1988) revised with new predicted a1 for cations
"benzene,aq",BENZENE(AQ),C6H6(0),C(6)H(6),0,32000,12230,35.7,83,88.4,-0.25,0,0,0,0,0,17.5199163,12.39756205,-5.557137541,-3.291515215,66.9,9.8,"Plyasunov & Shock (2001) for c1, c2 & omega; a1 predicted with new correlation for complex species from Sverjensky et al. (2014)"
"BO(OH),aq",BO(OH)(AQ),BO(OH)(0),B(1)O(2)H(1),0,-174854,-188505,24,20.2,3.8,0.1,0,0,0,0,0,5.54,1.38,3.1,-2.84,25,-10,"Revised May, 2013"
BO2-,BO2-,BO2(-),B(1)O(2),0,-162240,-184600,-8.9,-16,-9,1.7595,-1,0,0,0,0,-0.855,-2.596,3.7,-2.6717,17.102,-4.8679,revised a1 - a4  using delkappan for BO2- instead of B(OH)4- used by Shock and Helgeson (1988); Shock et al. (1997)
Br-,BR-,Br(-),Br(1),0,-24870,-29040,19.8,24.85246396,-30.40776625,1.3858,-1,0,0,0,0,5.269,6.594,4.745,-3.143,-3.8,-6.811,Shock & Helgeson (1988)
Ca(HCO3)+,CA(HCO3)+,Ca(HCO3)(+),Ca(1)H(1)C(1)O(3),1,-273830,-294350,26,30,51,0.157956,1,1,1,1,0,7.422464351,2.783786124,2.503922466,-2.894081718,37.51097063,7.3541,Huang & Sverjensky (2019)
Ca(HCOO)+,CA(HCOO)+,Ca(HCOO)+,Ca(1)H(1)C(1)O(2),1,-217930,-232236,11,17.5,68,0.385116,1,1,1,1,0,5.103797732,0.576185491,4.354974676,-2.802819508,49.56680605,10.817,Huang & Sverjensky (2019)
Ca(HSiO3)+,CA(HSIO3)+,Ca(HSiO3)+,Ca(1)H(1)Si(1)O(3),1,-376299,-397525,16.8,36,72,0.2972808,1,1,1,1,0,8.654552158,3.956855939,1.520314542,-2.942576425,51.1018414,11.6318,Huang & Sverjensky (2019)
Ca(OH)+,CA(OH)+,Ca(OH)(+),Ca(1)O(1)H(1),1,-171300,-179600,6.7,1.9,1.4,0.4496,1,0,1,1,0,2.105051791,-2.27891812,6.748951997,-2.684789525,11.12918151,-2.74942,Shock et al. (1997) with new a1 prediction
Ca+2,CA+2,Ca(+2),Ca(1),1,-132120,-129800,-13.5,-18.1,-7.517542927,1.2366,2,0,0,0,0,-0.245,-7.252,5,-2.48,9,-2.52,Facq et al. (2014)
CaCl+,CACL+,CaCl(+),Ca(1)Cl(1),1,-163100,-168607,4.5,11.3,17.5,0.4675,1,0,1,1,0,3.939211612,-0.532616023,5.284694237,-2.756981654,20.72968361,0.53015,Sverjensky et al. (1997) with new V from the sum of a1 values of ions
"CaCl2,aq",CACL2(AQ),CaCl2(0),Ca(1)Cl(2),1,-194000,-211060,6,33.3,29.77012863,-0.038,0,0,1,1,0,7.969366118,3.304490859,2.06731648,-2.915607652,23.26364718,3.029575203,Sverjensky et al. (1997) with new V from the sum of a1 values of ions
"CaCO3,aq",CACO3(AQ),CaCO3(0),Ca(1)C(1)O(3),1,-262750,-287390,0,21.5,14,2,0,0,0,0,0,6.66,2.05,3.12,-2.86,32.8,-0.18,Facq et al. (2014)
"CaO,aq",CAO(AQ),CaO(0),Ca(1)O(1),0,-152800,,16,5.5,12,-0.1,0,0,1,1,0,2.540589521,-1.864242996,6.401250835,-2.701932195,12.27806074,-0.5902,Fitted by Dimitri to high PT retrieval's from Fang
"CaSO4,aq",CASO4(AQ),CaSO4(0),Ca(1)S(1)O(4),1,-312930,-345900,5,4.7,-25,-0.038,0,0,1,1,0,2.414960118,-1.98385465,6.501544073,-2.696987449,-8.835024042,-8.1271,Sverjensky et al. (1997) revised using exptl V and pred. a1 from new correlation
Cd+2,CD+2,Cd(+2),Cd(1),1,-18560,-18140,-17.4,-15.59994364,-3.500030168,1.2528,2,0,1,0,0,0.541960608,-8.920246023,8.555072424,-2.410237029,15.65721088,-3.747556145,Shock & Helgeson (1988) revised with new predicted a1 for cations
Ce+3,CE+3,Ce(+3),Ce(1),0,-161600,-167400,-49,-39.79980595,-38.59956395,2.2251,3,0,1,0,0,-7.686643317,-2.559646172,13.58635713,-2.673184227,4.044360143,-10.89733118,Shock & Helgeson (1988) revised with new predicted a1 for cations
Ce+4,CE+4,Ce(+4),Ce(1),0,-121300,-137700,-100.1,-53.30007093,0.099730112,3.6964,4,0,1,0,0,-15.6354823,11.30694059,17.60999126,-3.246428924,40.27937589,-3.014284976,Shock & Helgeson (1988) revised with new predicted a1 for cations
Cl-,CL-,Cl(-),Cl(1),1,-31379,-39933,13.56,17.78599515,-29.42529575,1.456,-1,0,0,0,0,4.032,4.801,5.563,-2.847,-4.4,-5.714,Shock & Helgeson (1988)
CN-,CN-,CN(-),C(1)N(1),1,41200,36000,22.5,24.19986506,-32.70046656,1.29,-1,0,1,0,0,5.052244435,6.875658595,3.70835804,-3.063239726,-1.113327195,-9.695685038,Shock & Helgeson (1988) revised with new predicted a1 for cations
"CO,aq",CO(AQ),CO(0),C(1)O(1),1,-28682,-28910,24.53,33.8,64.5,-0.3715,0,0,1,1,1,7.906506247,3.244642026,2.117499159,-2.913133501,40.54501196,10.10405,"Shock & McKibben (1993) for c1, c2 and omega with revised a1 from correlation for complex species "
Co+2,CO+2,Co(+2),Co(1),0,-13000,-13900,-27,-24.40026261,-7.800441133,1.4769,2,0,1,0,0,-1.429859469,-9.482254294,9.986728009,-2.387003607,15.20150132,-4.623549859,Shock & Helgeson (1988) revised with new predicted a1 for cations
Co+3,CO+3,Co(+3),Co(1),0,32000,22000,-73,-43.89984562,-32.29964045,2.715,3,0,1,0,0,-8.754534326,-1.776365878,14.24387687,-2.705565035,12.24987149,-9.614036759,Shock & Helgeson (1988) revised with new predicted a1 for cations
"CO2,aq",CO2(AQ),CO2(0),C(1)O(2),1,-92250,-98900,28.1,32.8,52.1,-0.2,0,0,0,0,1,7.79,3.14,2.21,-2.91,37,6.5,Facq et al. (2014)
CO3-2,CO3-2,CO3(-2),C(1)O(3),1,-126191,-161385,-12.95,-5,-65,4.6,-2,0,0,0,0,5.8,5,-2,-10.8,18,-20,Facq et al. (2014)
Cr+2,CR+2,Cr(+2),Cr(1),1,-39400,-39000,-24.2,-22.3,-7.3,1.4287,2,0,1,0,0,-0.956149884,-9.347237561,9.642787412,-2.392585199,15.05073202,-4.52161,Shock et al. (1997) revised with new predicted a1 for cations
Cr+3,CR+3,Cr(+3),Cr(1),0,-49300,-60000,-77,-39.99999507,-22.9000607,2.7403,3,0,1,0,0,-7.290451235,-2.850246474,13.34241453,-2.661170811,17.9916893,-7.699342365,Shock et al. (1997) revised with new predicted a1 for cations
Cr2O7-2,CR2O7-2,Cr2O7(-2),Cr(2)O(7),0,-311000,-356200,62.6,73.00020078,-20.39974427,2.2654,-2,0,1,1,0,16.78437894,11.69725752,-4.969938827,-3.262564626,15.0818535,-7.190027907,Shock et al. (1997) revised with new predicted a1 for cations
CrO4-2,CRO4-2,CrO4(-2),Cr(1)O(4),0,-174800,-210930,13.8,19.79993744,-62.60031811,3.0024,-2,0,1,0,0,10.0392511,-6.213327746,1.659489437,-2.522141031,-2.860424472,-15.7862848,Shock et al. (1997) revised with new predicted a1 for cations
Cs+,CS+,Cs(+),Cs(1),1,-69710,-61670,31.75,21.42014114,-6.28344428,0.0974,1,0,0,0,0,6.1475,-0.1309,4.2094,-2.7736,6.27,-5.736,Shock & Helgeson (1988)
Cu+,CU+,Cu(+),Cu(1),1,11950,17132,9.7,-8.000033877,13.70025029,0.3351,1,0,1,0,0,1.295758745,-7.200577389,7.844746039,-2.481328131,17.28301672,-0.243859016,Shock et al. (1997) revised with new predicted a1 for cations
Cu+2,CU+2,Cu(+2),Cu(1),1,15675,15700,-23.2,-24.60008678,-2.227346249,1.4769,2,0,1,0,0,-1.477637426,-9.49587197,10.02141757,-2.386440653,18.46767843,-3.488310431,Shock et al. (1997) revised with new predicted a1 for cations
"diglycine,aq",DIGLYCINE(AQ),C4H8O3N2,C(4)H(8)O(3)N(2),1,-119100,0,74.3,76.3,27.9,-1.1,0,0,0,0,0,15.81,10.77,-4.19,-3.22,41.1,-11.5,Jamie & Dimitri fit to exptl Cp(T) and pred. a1-a4; delGf and S from fitting logK dimerisation values from Lemke et al. (2009).
"diketopiper,aq",DIKETOPIPER(AQ),C4H6O2N2,C(4)H(6)O(2)N(2),1,-62500,0,63,76.73000328,17.00013638,-0.4702,0,0,1,1,0,16.19660026,11.1376339,-4.500699727,-3.239429785,11.79785733,0.42832778,Jamie & Dimitri fit delGf and S from to logK dimerisation values from Lemke et al. (2009);  pred. a1-a4;
Dy+3,DY+3,Dy(+3),Dy(1),0,-158700,-166500,-55.2,-40.70010924,-31.70004808,2.3792,3,0,1,0,0,-7.878676581,-2.418792967,13.70459547,-2.679007099,9.50759958,-9.491899793,Shock et al. (1997) revised with new predicted a1 for cations
Er+3,ER+3,Er(+3),Er(1),0,-159900,-168500,-58.3,-42.99995399,-34.29992175,2.4115,3,0,1,0,0,-8.698992838,-1.817104636,14.20967897,-2.703880894,8.28148793,-10.02149406,Shock et al. (1997) revised with new predicted a1 for cations
"ethane,aq",ETHANE(AQ),C2H6,C(2)H(6),1,-3886,-24650,26.81,51.20001667,88.30004358,-0.406,0,0,1,1,1,11.26921539,6.446274714,-0.567039509,-3.045488997,54.17546164,14.95211888,Shock & Helgeson (1990) revised with new predicted a1 for complex species
"ethanol,aq",ETHANOL(AQ),C2H5OH,C(2)H(6)O(1),1,-43330,-68650,35.9,55.08007056,62.20039166,-0.2037,0,0,0,0,0,9.2333,9.9581,12.1445,-3.1906,60.0175,0.1507,Plyasunov & Shock (2001)
"ethylene,aq",ETHYLENE(AQ),C2H4,C(2)H(4),1,19450,8570,28.6,46,66.9,-0.31,0,0,1,1,0,10.30536702,5.528595445,0.202425862,-3.007552136,42.51814924,10.59293,"Plyasunov & Shock (2001) for c1, c2 & omega; a1 predicted with new correlation for complex species from Sverjensky et al. (2014)"
Eu+2,EU+2,Eu(+2),Eu(1),1,-129200,-126150,-2.4,-15.30000142,-11.40014675,1.0929,2,0,1,0,0,0.519252174,-8.926718382,8.571560062,-2.409969462,9.554123313,-5.356809893,Shock et al. (1997) revised with new predicted a1 for cations
Eu+3,EU+3,Eu(+3),Eu(1),0,-137300,-144700,-53,-41.29980995,-36.59975521,2.3161,3,0,1,0,0,-8.157849886,-2.214023991,13.87648751,-2.687472248,6.054739312,-10.48997014,Shock et al. (1997) revised with new predicted a1 for cations
F-,F-,F(-),F(1),1,-67340,-80150,-3.15,-1.319871085,-27.219686,1.787,-1,0,0,0,0,0.687,1.3588,7.6033,-2.8352,4.46,-7.488,Shock & Helgeson (1988)
Fe(CH3COO)+,FE(CH3COO)+,Fe(CH3COO)(+),Fe(1)C(2)H(3)O(2),0,-111900,-139060,-1.5,25.2,81.1998014,0.5756,1,0,1,1,0,6.690581294,2.086960851,3.088203853,-2.865274962,59.05760093,13.50579954,Sverjensky et al. (1997) with revised volume increased in order that a1 of the complex is the sum of the a1 values of the ions
"Fe(CH3COO)2,aq",FE(CH3COO)2(AQ),Fe(CH3COO)2(0),Fe(1)C(4)H(6)O(4),0,-201800,-259100,11.53,66.9,184.2000484,-0.038,0,0,1,1,0,14.49482212,9.517372296,-3.142125727,-3.172448171,113.7690987,34.48694986,Sverjensky et al. (1997) with revised volume increased in order that a1 of the complex is the sum of the a1 values of the ions
Fe(HCOO)+,FE(HCOO)+,Fe(HCOO)+,Fe(1)H(1)C(1)O(2),1,-111800,-112263,59,27,30,-0.341796,1,1,1,1,0,6.600125913,2.000838355,3.16041675,-2.861714658,20.59954355,3.0764,Huang & Sverjensky (2019)
Fe(HSiO3)+,FE(HSIO3)+,Fe(HSiO3)+,Fe(1)H(1)Si(1)O(3),0,-277500,-298539,14,38.2,77,0.339684,1,1,1,1,0,9.102153056,4.383016396,1.162983038,-2.960193898,54.42280326,12.6503,Huang & Sverjensky (2019)
Fe(OH)+,FE(OH)+,FeOH(+),Fe(1)O(1)H(1),1,-65850,0,-10,2,15,0.70314,1,1,1,1,0,2.246084466,-2.144641024,6.636361924,-2.69034054,21.43544195,0.0209,"31/1/17 G, S, Cp from SSWS97 regression of Sweeton & Baes (1970); V from estimate to have similar behavior to MgO,aq"
Fe+2,FE+2,Fe(+2),Fe(1),1,-21870,,-25.3,-22.20011111,-7.90024244,1.4574,2,0,1,0,0,-0.915318442,-9.335599781,9.61314142,-2.393066305,14.96336132,-4.643879385,Shock et al. (1997) revised with new predicted a1 for cations
Fe+3,FE+3,Fe(+3),Fe(1),1,-4120,-11850,-66.3,-36.99998851,-18.59988401,2.5812,3,0,1,0,0,-6.327140521,-3.556818861,12.74928676,-2.631961108,19.04609584,-6.823396373,Shock et al. (1997) revised with new predicted a1 for cations
FeCl+,FECL+,FeCl(+),Fe(1)Cl(1),1,-53030,-61260,-10.06,5.8,20.57004089,0.7003,1,0,1,1,0,2.982720246,-1.443290687,6.048286313,-2.719334363,24.67366478,1.15551733,Sverjensky et al. (1997) with revised volume increased in order that a1 of the complex is the sum of the a1 values of the ions
FeCl+2,FECL+2,FeCl(+2),Fe(1)Cl(1),1,-37573,-50875,-28.7,-19,3.3,1.4925328,2,1,1,1,0,-1.453689501,-5.667192858,9.589988254,-2.544718247,21.85106642,-2.36239,29/11/16: Fit to Tagirov et al. (2000) with revised volume increased in order that a1 of the complex a bit greater than the sum of the a1 values of the ions
"FeCl2,aq",FECL2(AQ),FeCl2(0),Fe(1)Cl(2),1,-73480,-78490,43,28.4,28.1400721,-0.038,0,0,1,1,0,7.017737118,2.398445649,2.827026802,-2.878151743,22.30833358,2.697532686,Sverjensky et al. (1997) with revised volume increased in order that a1 of the complex is the sum of the a1 values of the ions
FeCl2+,FECL2+,FeCl2(+),Fe(1)Cl(2),0,-69429,-91824,-2,8,5.1,0.5831,1,0,1,1,0,3.353766705,-1.09001765,5.752070219,-2.73393867,14.52752304,-1.99573,29/11/16: Fit to Liu et al. (2006) with revised volume increased in order that a1 of the complex a bit greater than the sum of the a1 values of the ions
"FeCl3,aq",FECL3(AQ),FeCl3(0),Fe(1)Cl(3),1,-99307,-134400,18,37.4,-28,0.3,0,0,1,1,0,8.927750436,4.2169678,1.302213212,-2.953329449,-7.479270721,-8.7382,29/11/16: Fit to Liu et al. (2006) with revised volume increased in order that a1 of the complex is equal to the sum of the a1 values of the ions
FeCl4-,FECL4-,FeCl4(-),Fe(1)Cl(4),1,-127917,-180057,26,55.8,-95.9,1.2363,-1,0,1,1,0,12.95031521,8.046848505,-1.909105464,-3.111656717,-38.64687843,-22.56943,29/11/16: Fit to Liu et al. (200vv6) with revised volume increased in order that a1 of the complex is equal to the sum of the a1 values of the ions
"FeO,aq",FEO(AQ),FeO(0),Fe(1)O(1),1,-50720,,-10,3,0,0.3,0,,1,1,0,2.246926436,-2.143839385,6.635689757,-2.69037368,8.930455103,-3.0346,"31/1/17 G, S, Cp from SSWS97 regression of Sweeton & Baes (1970); V from estimate to have similar behavior to MgO,aq"
"formate,aq",FORMATE(AQ),HCOO-,H(1)C(1)O(2),1,-83862,-101680,21.7,26.15997157,-22,1.3003,-1,0,0,0,0,5.268366909,7.683644315,3.470580584,-3.096641856,17,-12.4,Shock & Helgeson (1990) revised with new predicted a1 for ions
"formic-acid,aq",FORMIC-ACID(AQ),HCOOH,H(2)C(1)O(2),1,-88982,-101680,38.9,34.69001431,19.02412487,-0.3442,0,0,0,0,0,8.092450502,3.421679402,1.969054997,-2.920452226,22.1924,-3.1196,Shock & Helgeson (1990) revised with new predicted a1 for complex species
Ga+3,GA+3,Ga(+3),Ga(1),0,-38000,-50600,-79,-44.90002128,-30.79981623,2.7276,3,0,1,0,0,-9.112600704,-1.513730145,14.46434479,-2.716422396,13.24494265,-9.308522565,Shock et al. (1997) revised with new predicted a1 for cations
Gd+3,GD+3,Gd(+3),Gd(1),0,-158600,-164200,-49.2,-40.40009169,-35.89999151,2.3265,3,0,1,0,0,-7.815913142,-2.464828906,13.66595089,-2.677103973,6.56065745,-10.34742827,Shock et al. (1997) revised with new predicted a1 for cations
glutamate-,GLUTAMATE-,C5H8NO4-,C(5)H(8)N(1)O(4),0,-167258,0,44.4,79.7,11.2,0.9569,-1,0,0,0,0,17.46,12.34,-5.51,-3.29,50,-14.8,"Revised 1/22/15 based on V at 25 C from Ziemer & Woolley (2007) and predicted a1, a2, and a4; c1 and c2 from fits to delCpr protonation of Ziemer & Woolley (2007); S from fitting temperature dependence of logK from Ziemer & Woolley (2007); omega predicted from S using ion correlation."
"glutamic-ac,aq",GLUTAMIC-AC(AQ),C5H9NO4,C(5)H(9)N(1)O(4),1,-173050,-234820,61.2,90.1,44.1,0.7,0,0,0,0,0,19.3,13.3,-4.4,-3.33,69.2,-9.22,"Revised 1/22/15 based on fitting Cp and V vs T data from Hakin et al. (1994) + revised correlation for a1 from Sverjensky et al. (2014); omega from delCPr above 100 °C (Ziemer & Woolley, 2007); G, H, and S from Amend & Helgeson (1997)."
"glutamine,aq",GLUTAMINE(AQ),C5H10N2O3,C(5)H(10)N(2)O(3),0,-126280,-191860,62.41,93.71685845,43.77577245,0.18,0,0,1,1,0,19.80748894,14.57555813,-7.383366612,-3.381553573,33.48021575,5.882524849,Shock & Helgeson (1990) revised with new predicted a1 for complex species
glutarate-,GLUTARATE-,C5H7O4-,C(5)H(7)O(4),0,-170860,-223570,52.9,85.90905948,20.10879561,0.8279,-1,0,1,1,0,18.60190464,13.42772228,-6.42091713,-3.334102039,25.57890436,1.061561665,Shock & Helgeson (1990) revised with new predicted a1 for complex species
"glutaric-ac,aq",GLUTARIC-AC(AQ),C5H8O4,C(5)H(8)O(4),0,-176780,-223440,73.2,99.0911049,64.10525777,-0.1,0,0,1,1,0,20.716918,15.44142481,-8.109387621,-3.417348502,42.81495338,10.02364101,Shock & Helgeson (1990) revised with new predicted a1 for complex species
glycinate-,GLYCINATE-,C2H4NO2-,C(2)H(4)N(1)O(2),0,-77610,-114190,30.07,43.77,-6.6,1.17371992,-1,1,1,1,0,10.58395208,5.793836057,-0.019975878,-3.018517183,13.11188576,-4.37902,"AH97 for the G, H, S, Cp, V"
"glycine,aq",GLYCINE(AQ),C2H5NO2,C(2)H(5)N(1)O(2),1,-90950,-124780,39.3,43.1,9.8,0.2,0,0,0,0,0,10.8,1.3,7.6,-3.5,28,-8.2,Plyasunov & Shock (2001)
glycolate-,GLYCOLATE-,C2H3O3-,C(2)H(3)O(3),0,-121170,-154700,26.2,39.84996109,6.499727439,1.2334,-1,0,1,0,0,6.738214787,13.19329654,1.851881507,-3.324410879,21.33895619,-1.710605521,Shock & Helgeson (1990) revised with new predicted a1 for complex species
"glycolic-ac,aq",GLYCOLIC-AC(AQ),C2H4O3,C(2)H(4)O(3),0,-126400,-154890,43.1,51.75011333,45.5004707,-0.3017,0,0,1,1,0,11.42607766,6.595623153,-0.69226676,-3.051663061,30.05317261,6.233845881,Shock & Helgeson (1990) revised with new predicted a1 for complex species
"H-succinate,aq",H-SUCCINATE(AQ),C4H5O4-,C(4)H(5)O(4),0,-172060,-217350,45.2,69.99007711,9.299982309,0.9446,-1,0,1,1,0,15.56625479,10.53748248,-3.997478451,-3.214619526,20.3194114,-1.140193604,Shock & Helgeson (1990) revised with new predicted a1 for complex species
H+,H+,H(+),H(1),1,0,0,0,0,0,0,1,0,0,0,0,0,0,0,0,0,0,"Perfectly known, by convention!"
"H2,aq",H2(AQ),H2(0),H(2),1,4236,-1000,13.8,25.19998077,39.90005765,-0.209,0,0,0,0,1,5.1427,4.7758,3.8729,-2.9764,27.6251,5.093,Shock et al. (1989)
H2AsO3-,H2ASO3-,H2AsO3(-),H(2)As(1)O(3),0,-140330,-170840,26.4,26.39988171,-2.900158361,1.2305,-1,0,1,1,0,7.23773624,2.607906637,2.651395749,-2.88681086,15.80332651,-3.625362258,Shock et al. (1997) revised with new predicted a1 for complex species
H2AsO4-,H2ASO4-,H2AsO4(-),H(2)As(1)O(4),0,-180010,-217390,28,35.10010083,-0.700254371,1.2055,-1,0,1,1,0,8.915414427,4.205222696,1.31206137,-2.952843906,16.86228497,-3.177241815,Shock et al. (1997) revised with new predicted a1 for complex species
"H2CO3,aq",H2CO3(AQ),H2CO3,H(2)C(1)O(3),1,-145400,-164229,43,46,86.5,-0.3,0,0,1,1,0,10.31016356,5.533162235,0.198596652,-3.007740927,54.09708567,14.58545,Huang & Sverjensky (2019)
H2P2O7-2,H2P2O7-2,H2P2O7(-2),H(2)P(2)O(7),0,-480400,-544600,39,52.40002744,-20.29964386,2.6218,-2,0,1,1,0,12.95456824,8.050897815,-1.912500772,-3.111824116,18.4239729,-7.169637455,Shock et al. (1997) revised with new predicted a1 for complex species
H2PO4-,H2PO4-,H2PO4(-),H(2)P(1)O(4),1,-270140,-309820,21.6,31.29970442,-7.000122497,1.3003,-1,0,1,1,0,8.222810712,3.545795254,1.864985032,-2.925583176,14.04355071,-4.460524953,Shock et al. (1997) revised with new predicted a1 for complex species
"H2S,aq",H2S(AQ),H2S(0),H(2)S(1),1,-6673,-9001,30,34.92004643,42.83310706,-0.1,0,0,1,1,1,8.254256738,3.57573499,1.839880847,-2.926820884,30.34816193,5.690503908,Shock et al. (1989) with revised prediction of a1 using new correlation
H2VO4-,H2VO4-,H2VO4(-),H(2)V(1)O(4),0,-244000,-280600,29,29.00013595,0.59978669,1.1898,-1,0,1,1,0,7.723209666,3.070125498,2.263829614,-2.905918988,17.47954766,-2.912423451,Shock et al. (1997) revised with new predicted a1 for complex species
H3P2O7-,H3P207-,H3P2O7(-),H(3)P(2)O(7),0,-483600,-544100,51,50.99985816,29.59957328,0.8568,-1,0,1,1,0,11.83605067,6.985958129,-1.019558938,-3.067799509,31.40733599,2.994833078,Shock et al. (1997) revised with new predicted a1 for complex species
"H3PO4,aq",H3PO4(AQ),H3PO4(0),H(3)P(1)O(4),1,-273100,-307920,38,48.10014673,23.59992383,-0.22,0,0,1,1,0,10.75640544,5.958028771,-0.157649913,-3.025304909,17.97079089,1.772704485,Shock et al. (1989) with revised prediction of a1 using new correlation
"HAlO2,aq",HALO2(AQ),HAlO2(0),H(1)Al(1)O(2),1,-207500,-230730,-6.5,13,47.5,0.5,0,0,0,1,0,4.284957393,-0.203431742,5.008676337,-2.770590132,38.61094984,6.64115,Sverjensky et al. (2014)
HAsO4-2,HASO4-2,HAsO4(-2),H(1)As(1)O(4),0,-170790,-216620,-0.4,13.00004807,-51.80025796,3.2197,-2,0,1,1,0,5.589483847,1.038606852,3.967238747,-2.821936007,5.471025496,-13.58631255,Shock et al. (1997) revised with new predicted a1 for complex species
"HCl,aq",HCL(AQ),HCl(0),H(1)Cl(1),1,-30410,-42054,3.2,15,39,-0.2,0,0,1,1,1,4.337619043,-0.153292626,4.966635164,-2.772662883,27.18044143,4.9097,Regression of Ruaya & Seward (1987) & Tagirov et al. (1997) with new full correlations
"HCN,aq",HCN(AQ),HCN(0),H(1)C(1)N(1),0,28600,26500,29.8,45.9,40.7,-0.1113,0,0,1,1,1,10.38125342,5.600846831,0.141843759,-3.010539008,28.99392468,5.25599,"Shock & McKibben (1993) for c1, c2 and omega with revised a1 from correlation for complex species "
HCO3-,HCO3-,HCO3(-),H(1)C(1)O(3),1,-140282,-164898,23.53,24.2,-8.5,1.2733,-1,0,0,0,0,7.65,0.92,0.6,-2.82,11,-3.8,Facq et al. (2014)
HCrO4-,HCRO4-,HCrO4(-),H(1)Cr(1)O(4),0,-182800,-209900,44,44.00023325,20.40038882,0.9622,-1,0,1,1,0,10.52720913,5.739811148,0.025323496,-3.016283793,26.9870797,1.120959202,Shock et al. (1997) revised with new predicted a1 for complex species
"He,aq",HE(AQ),He(0),He(1),0,4658,-150,14.02,13.00015718,37.2998609,-0.2123,0,0,0,0,1,3.4722,0.6967,5.4762,-2.8078,26.0707,4.5634,Shock et al. (1989)
"hexane,aq",HEXANE(AQ),C6H14,C(6)H(14),0,4420,-47400,53.2,114,158,-0.47,0,0,0,0,0,23.43490225,18.02921544,-10.27922554,-3.524327766,108,23,"Plyasunov & Shock (2001) for c1, c2 & omega; a1 predicted with new correlation for complex species from Sverjensky et al. (2014)"
HFeO2-,HFEO2-,HFeO2(-),H(1)Fe(1)O(2),1,-94400,,-15,20,22,1.85626,-1,1,1,1,0,6.294963991,1.710293933,3.404035494,-2.849703551,36.1613777,1.4468,"31/1/17 G, S, Cp from SSWS97 regression of Sweeton & Baes (1970); V from estimate to have similar behavior to MgO,aq"
Hg+2,HG+2,Hg(+2),Hg(1),1,39360,40670,-8.68,-19.600011,2.199462861,1.1512,2,0,1,0,0,-0.474452627,-9.209944181,9.293047303,-2.398260908,18.06144106,-2.586569415,Shock et al. (1997) revised with new predicted a1 for cations
Hg2+2,HG2+2,Hg2(+2),Hg(2),1,36710,39870,-15.66,14.3996406,17.09965639,0.8201,2,0,1,1,0,4.71031909,0.20155479,4.669098968,-2.787332275,23.7435032,0.448600007,Shock et al. (1997) revised with new predicted a1 for complex species
Ho+3,HO+3,Ho(+3),Ho(1),0,-161400,-169000,-54.3,-41.59974443,-33.29988615,2.3899,3,0,1,0,0,-8.201327162,-2.182134132,13.90325725,-2.688790575,8.668573194,-9.817786809,Shock et al. (1997) revised with new predicted a1 for cations
HO2-,HO2-,HO2(-),H(1)O(2),0,-16100,-38320,5.7,5.699926137,-30.19967069,1.5449,-1,0,1,1,0,3.368401332,-1.076084033,5.740387013,-2.734514686,2.700644968,-9.186272919,Shock et al. (1997) revised with new predicted a1 for complex species
HPO4-2,HPO4-2,HPO4(-2),H(1)P(1)O(4),1,-260310,-308815,-8,5.400045354,-58.30027228,3.3363,-2,0,1,1,0,4.169415068,-0.313439497,5.100916797,-2.766042411,2.735833028,-14.91036546,Shock et al. (1997) revised with new predicted a1 for complex species
HS-,HS-,HS(-),H(1)S(1),1,2860,-3850,16.3,20.64999365,-22.59694972,1.441,-1,0,1,1,0,6.222017812,1.640841934,3.462270338,-2.846832406,6.199094503,-7.637598658,Shock et al. (1997) revised with new predicted a1 for complex species
HSe-,HSE-,HSe(-),H(1)Se(1),0,10500,3800,19,18.99992572,-12.60025651,1.3408,-1,0,1,1,0,5.85349671,1.289973288,3.756470372,-2.832327496,11.13464682,-5.601272251,Shock et al. (1997) revised with new predicted a1 for complex species
HSeO3-,HSEO3-,HSeO3(-),H(1)Se(1)O(3),0,-98340,-122980,32.3,32.300251,4.900357948,1.1402,-1,0,1,1,0,8.340334132,3.657689208,1.771163011,-2.930208872,19.54299087,-2.036397086,Shock et al. (1997) revised with new predicted a1 for complex species
HSeO4-,HSEO4-,HSeO4(-),H(1)Se(1)O(4),0,-108100,-139000,35.7,30.99994571,-41.90033196,1.0885,-1,0,1,1,0,8.063003689,3.393643115,1.992563158,-2.919293206,-8.361401624,-11.56969762,Shock et al. (1997) revised with new predicted a1 for complex species
HSiO3-,HSIO3-,HSiO3(-),H(1)Si(1)O(3),1,-242855,-276479,-3.5,21.2,16,1.682104,-1,1,1,1,0,6.444481233,1.852649179,3.28467197,-2.855588517,31.04053739,0.2246,Huang & Sverjensky (2019)
HSO3-,HSO3-,HSO3(-),H(1)S(1)O(3),0,-126130,-149670,33.4,33.29988332,-1.400036509,1.1233,-1,0,0,0,0,6.7014,8.5816,2.3771,-3.1338,15.6949,-3.3198,Sverjensky et al. (1997) revised using published estimated V and pred. a1 from new correlation
HSO4-,HSO4-,HSO4(-),H(1)S(1)O(4),1,-180630,-212500,30,35.19993361,5.300109844,1.1748,-1,0,1,1,0,8.920077548,4.209662451,1.308338678,-2.953027446,20.09603421,-1.954967625,Shock et al. (1997) revised with new predicted a1 for complex species
HSO5-,HSO5-,HSO5(-),H(1)S(1)O(5),0,-152370,-185380,50.7,50.69984077,29.19974211,0.8611,-1,0,1,1,0,11.77984681,6.932446479,-0.974689926,-3.065587337,31.21262547,2.913387467,Shock et al. (1997) revised with new predicted a1 for complex species
HVO4-2,HVO4-2,HVO4(-2),H(1)V(1)O(4),0,-233000,-277000,4,17.39986217,-48.29961214,3.1527,-2,0,1,1,0,6.411834872,1.821566606,3.310734413,-2.854303563,6.905359771,-12.87323099,Shock et al. (1997) revised with new predicted a1 for complex species
I-,I-,I(-),I(1),0,-12410,-13600,25.5,36.30992043,-28.23257332,1.2934,-1,0,0,0,0,7.7623,8.2762,1.4609,-3.1211,-6.27,-4.944,Shock & Helgeson (1988)
In+3,IN+3,In(+3),In(1),0,-23400,-25000,-63,-42.19986162,-34.90024387,2.5003,3,0,1,0,0,-8.322321474,-2.093386817,13.97775563,-2.692459389,8.747761912,-10.14377968,Shock et al. (1997) revised with new predicted a1 for cations
"isobutane,aq",ISOBUTANE(AQ),C4H10(0),C(4)H(10),0,36,-36230,40.02,82.8,133.9,-0.3,0,0,0,0,1,17.46,12.34,-5.51,-3.29,92.3,19.12,"G, H, S, Cp, V from Shock & Helgeson (1990); a1 estimated with Sverjensky et al. (2014; c2 estimated with a new hydrocarbon correlation."
K+,K+,K(+),K(1),1,-67510,-60270,24.15,9.068019541,1.98519917,0.1927,1,0,0,0,0,3.559,-1.473,5.435,-2.712,7.4,-1.791,Shock & Helgeson (1988)
"KCl,aq",KCL(AQ),KCl(0),K(1)Cl(1),1,-98850,,34,34,-1.5,0.1,0,0,1,1,0,8.171505479,3.496947582,1.905943342,-2.923563813,6.208795648,-3.34015,"May, 2017 Fitted to logKs from Oelkers & Helgeson (1988) + retrieved logKs from Hemley experiments at 1.0 kb using the HCl referred to above"
"KOH,aq",KOH(AQ),KOH(0),K(1)O(1)H(1),1,-102800,-180000,36.3,20.3,-6.5,0.48,0,0,1,1,0,5.693097297,1.137257135,3.884521419,-2.82601421,6.779364765,-4.35865,Fitted to Ho & Palmer (1997) data with a1 pred. from the sum of the ions and used to predict the volume
"Kr,aq",KR(AQ),Kr(0),Kr(1),0,3554,-3650,15.06,33.5003414,57.60025215,-0.2281,0,0,0,0,1,6.2721,7.5333,2.7891,-3.0904,37.8226,8.6985,Shock et al. (1989)
KSO4-,KSO4-,KSO4(-),K(1)S(1)O(4),1,-246570,-276980,34,50.7,-22,1.0996,-1,0,1,1,0,11.8942754,7.041393847,-1.066041262,-3.070091222,3.403681964,-7.516,"Revised G, S and Cp to fit Noyes et al. (1906) & Sharygin et al. (2006) with a1 of the complex equal to the sum of the a1 values of the ions"
La+3,LA+3,La(+3),La(1),0,-164000,-169600,-52,-38.59992887,-37.1995581,2.1572,3,0,1,0,0,-7.305253017,-2.839389614,13.35152825,-2.661619633,4.239298365,-10.61214999,Shock et al. (1997) revised with new predicted a1 for cations
lactate-,LACTATE-,C3H5O3-,C(3)H(5)O(3),0,-122530,-164070,31.9,56.24990392,26.69959526,1.1469,-1,0,1,0,0,8.4976664,19.78628215,-0.085507621,-3.596964904,32.38041356,2.404107554,Shock & Helgeson (1990) revised with new predicted a1 for ions
"lactic-acid,aq",LACTIC-ACID(AQ),C3H6O3,C(3)H(6)O(3),0,-127800,-164000,49.8,69.37992207,66.69972881,-0.2572,0,0,1,1,0,14.87130745,9.875823682,-3.442683818,-3.187266551,42.88721567,10.55213476,Shock & Helgeson (1990) revised with new predicted a1 for complex species
"leucine,aq",LEUCINE(AQ),C6H13NO2,C(6)H(13)N(1)O(2),0,-82000,-151070,51.5,107.569952,95.09995246,-0.4399,0,0,1,1,0,22.20056024,16.8539994,-9.293818026,-3.475744335,57.84831226,16.33726032,Shock & Helgeson (1990) revised with new predicted a1 for complex species
Li+,LI+,Li(+),Li(1),0,-69933,-66552,2.7,-0.870117831,14.2330161,0.4862,1,0,0,0,0,-0.0237,-0.069,11.58,-2.7761,19.2,-0.24,Shock & Helgeson (1988)
Lu+3,LU+3,Lu(+3),Lu(1),0,-159400,-167900,-63.1,-45.00016145,-32.80005927,2.4554,3,0,1,0,0,-9.398007167,-1.304389252,14.64007469,-2.725076548,9.564943249,-9.715972073,Shock et al. (1997) revised with new predicted a1 for ions
"methane,aq",METHANE(AQ),CH4,C(1)H(4),1,-8234,-21010,20.99,36,60.2,-0.4,0,0,0,0,1,8.32,3.64,1.79,-2.93,40.9,6.45,"Plyasunov & Shock (2001) for c1, c2 & omega; a1 predicted with new correlation for complex species from Sverjensky et al. (2014)"
"methanol,aq",METHANOL(AQ),CH3OH,C(1)H(4)O(1),1,-42050,-58870,31.6,38.16991903,37.79971238,-0.15,0,0,0,0,0,8.4,4.1,-0.24,-1.43,34.4,0.96,Plyasunov & Shock (2001)
Mg(HCO3)+,MG(HCO3)+,Mg(HCO3)(+),Mg(1)H(1)C(1)O(3),1,-250280,-275750,-5,25.9,59,0.62742,1,1,1,1,0,6.851384005,2.240060983,2.959830843,-2.871604121,46.5245581,8.9837,Fit to Stéfansson et al. (2014) & Siebert & Hostetler (1977); plus revised V increased so that a1 of the complex is the sum of the a1 values of the ions
Mg(HSiO3)+,MG(HSIO3)+,Mg(HSiO3)(+),Mg(1)H(1)Si(1)O(3),1,-353025,-385700,-23.78,2.5,37.82,0.91182432,1,1,1,1,0,2.443285898,-1.956885698,6.478930862,-2.698102345,36.73194271,4.669334,Sverjensky et al. (1997) with new a1 from the sum of the ions and V predicted from a1 value
Mg+2,MG+2,Mg(+2),Mg(1),1,-108505,-111367,-33,-21.54310497,-5.335091402,1.5372,2,0,0,0,0,-0.8217,-8.599,8.39,-2.39,20.8,-5.892,Shock & Helgeson (1988)
MgCl+,MGCL+,MgCl(+),Mg(1)Cl(1),1,-139700,-150933,-19,1.3,25,0.8449,1,0,0,0,0,3.21,-4.92,6.27,-2.58,28.6,2.058,Sverjensky et al. (1997) revised V increased so that a1 of the complex is the sum of the a1 values of the ions
"MgCO3,aq",MGCO3(AQ),MgCO3(0),Mg(1)C(1)O(3),1,-238760,-270570,-24,17.9,-24.8,0.3,0,0,1,1,0,5.140655436,0.611277681,4.325550207,-2.804270219,-5.603873484,-8.08636,"Sverjensky et al. (1997) revised volume increased in order that a1 of the complex is the sum of the a1 values of the ions; and Cp revised using isocoulombic reln with CaCO3,aq; also omega is set to +0.3 as for all neutral metal complexes."
"MgO,aq",MGO(AQ),"MgO,aq",Mg(1)O(1),0,-137500,-139804,24.6,6.2,-24.5,0.3,0,0,1,1,0,2.868398436,-1.552136391,6.139552404,-2.714834682,-5.428054993,-8.02525,Huang & Sverjensky (2019)
MgOH+,MG(OH)+,MgOH(+),Mg(1)O(1)H(1),1,-149225,-152955,-18,2,40,0.8449,1,0,1,1,0,2.314080328,-2.079902218,6.582079048,-2.693016842,37.39299436,5.1134,"Revised by Dimitri, January, 2019; with minimum volume needed"
MgSiO2HCO3+,MGSIO2HCO3+,MgSiC+,Mg(1)Si(1)C(1)O(5)H(1),1,-454300,-479123,48,53.5,78.5,-0.175212,1,1,1,1,0,11.82659373,6.976954178,-1.01200921,-3.067427286,50.55824383,12.95585,Huang & Sverjensky (2019)
"MgSO4,aq",MGSO4(AQ),MgSO4,Mg(1)S(1)O(4),1,-289449,-327449,-1,35,20,0.05,0,0,1,1,0,8.341732739,3.659020821,1.770046467,-2.930263921,18.34847908,1.0394,"S, Cp, V, omega from fit to Akilan et al. (2006a) and Frantz et al. (1994)"
Mn+2,MN+2,Mn(+2),Mn(1),1,-54500,-52724,-17.6,-17.0999747,-4.099909557,1.4006,2,0,1,1,0,-1.128781594,-5.3578483,9.330605774,-2.557506551,16.6673016,-3.869751577,Shock et al. (1997) revised with new predicted a1 for cations
MnCl+,MNCL+,MnCl(+),Mn(1)Cl(1),0,-86290,-88280,12,6.3,24.62958331,0.3686,1,0,1,1,0,2.920723754,-1.502317498,6.097779734,-2.716894195,23.99690949,1.982446121,Sverjensky et al. (1997) with revised a1 equal to the sum of the ions used to predict new values of V using new correlation in Sverjensky et al. (2014)
MnO4-,MNO4-,MnO4(-),Mn(1)O(4),0,-106900,-129400,45.7,41.99996854,-1.799658769,0.9368,-1,0,1,0,0,6.89229405,13.7706596,1.682219843,-3.348279068,13.74247747,-3.401190491,Shock et al. (1997) revised with new predicted a1 for ions
MnO4-2,MNO4-2,MnO4(-2),Mn(1)O(4),0,-119700,-156000,14,27.3997969,-59.30044504,3.0024,-2,0,1,0,0,11.8563775,-5.695410276,0.340150423,-2.543551739,-0.926495461,-15.11410065,Shock et al. (1997) revised with new predicted a1 for ions
"MnSO4,aq",MNSO4(AQ),MnSO4(0),Mn(1)S(1)O(4),0,-235640,-266750,5,29.2,-21.47975848,-0.038,0,0,1,1,0,7.173105118,2.546371397,2.702992464,-2.884266994,-6.771945535,-7.410026802,Sverjensky et al. (1997) with revised a1 equal to the sum of the ions used to predict new values of V using new correlation in Sverjensky et al. (2014)
MoO4-2,MOO4-2,MoO4(-2),Mo(1)O(4),0,-199900,-238500,6.5,30.40012146,-47.49954987,3.1145,-2,0,1,0,0,12.63995272,-5.472075622,-0.228770575,-2.552784394,7.022315278,-12.71025831,Shock et al. (1997) revised with new predicted a1 for ions
"N2,aq",N2(AQ),N2(0),N(2),1,4347,-2495,22.9,33.30023472,56.00005493,-0.3468,0,0,1,1,1,7.821294305,3.163511804,2.185526082,-2.909779578,35.79107726,8.372611189,Shock et al. (1989) + new a1 predicted for complex species
"Na(Ac),aq",NA(AC)(AQ),NaCH3COO(0),Na(1)C(2)H(3)O(2),0,-150720,-173540,34.2,49,75.1,0.3,0,0,1,1,0,11.18058644,6.361891154,-0.496284693,-3.04200058,52.94368401,12.26327,"G, H, S, Cp, V from Shock & Koretsky (1993); a1 estimated with Sverjensky et al. (2014)"
Na(Ac)2-,NA(AC)2-,Na(CH3COO)2(-1),Na(1)C(4)H(6)O(4),0,-238470,-292400,44,103.2,170,0.962764,-1,1,1,1,0,22.02466636,16.68653097,-9.153397338,-3.46882119,114.6668687,31.5944,"G, H, S, Cp, V from Shock & Koretsky (1993); a1 estimated with Sverjensky et al. (2014)"
Na+,NA+,Na(+),Na(1),1,-62591,-57433,13.96,-1.106808692,9.076552599,0.3306,1,0,0,0,0,1.839,-2.285,3.256,-2.726,18.18,-2.981,Shock & Helgeson (1988)
"NaCl,aq",NACL(AQ),NaCl(0),Na(1)Cl(1),1,-92910,-96120,28,24.00006579,8.508360325,-0.038,0,0,1,1,0,6.163225896,1.584866198,3.509205462,-2.844518369,10.80294045,-1.301447002,Sverjensky et al. (1997) with new predicted a1 value
NaCO3-,NACO3-,NaCO3(-),Na(1)C(1)O(3),1,-190562,,8,27.8,-1,1.507948,-1,1,1,1,0,7.642732474,2.993503227,2.328076662,-2.902751423,19.47301908,-3.2383,"Fit to Stefansson et al. (2013; 80 to 200 C) & Garrels et al., (1961; at 25 C) to get G, S and Cp;  with a1 pred. from the sum of the ions and used to predict the volume"
"NaHCO3,aq",NAHCO3(AQ),NaHCO3(0),Na(1)H(1)C(1)O(3),1,-203100,-219552,32,39,62,0.8,0,0,1,1,0,9.478313828,4.741158766,0.862684055,-2.974999503,49.87269407,9.5948,Huang & Sverjensky (2019)
"NaHSiO3,aq",NAHSIO3(AQ),NaHSiO3(0),Na(1)H(1)Si(1)O(3),0,-307140,-333044,19,18.7,2.340087455,-0.038,0,0,1,1,0,5.133900118,0.604845948,4.330943154,-2.804004332,7.187952357,-2.557924185,Sverjensky et al. (1997) with revised a1 equal to the sum of the ions used to predict new values of V using new correlation in Sverjensky et al. (2014)
"NaOH,aq",NAOH(AQ),NaOH(0),Na(1)O(1)H(1),1,-100900,,6.5,12,42,0.2,0,0,1,1,0,3.946850957,-0.525342608,5.278595548,-2.757282337,32.62376034,5.5208,Fitted to Ho & Palmer (1997) data with a1 pred. from the sum of the ions and used to predict the volume
Nd+3,ND+3,Nd(+3),Nd(1),0,-160600,-166500,-49.5,-43.09999136,-43.20000354,2.255,3,0,1,0,0,-8.87877564,-1.685236941,14.32037449,-2.709332305,1.623682751,-11.83444072,Shock et al. (1997) revised with new predicted a1 for cations
"Ne,aq",NE(AQ),Ne(0),Ne(1),0,4565,-870,16.74,20.40012217,39.69992242,-0.2535,0,0,0,0,0,4.4709,3.1352,4.5177,-2.9086,27.0977,5.0523,Shock et al. (1989)
"NH3,aq",NH3(AQ),NH3(0),N(1)H(3),1,-6383,-19440,25.77,24.43005815,18.38308709,-0.05,0,0,1,1,1,6.240978854,1.658894727,3.447133242,-2.847578708,16.47958496,0.710034839,Shock et al. (1989) + new a1
NH4+,NH4+,NH4(+),N(1)H(4),1,-18990,-31850,26.57,18.13009915,16.02355812,0.1502,1,0,1,1,0,5.113490705,0.585414163,4.347236522,-2.803201021,16.94116512,0.22939879,Shock & Helgeson (1988) + new a1
Ni+2,NI+2,Ni(+2),Ni(1),0,-10900,-12900,-30.8,-29.00018616,-11.70018227,1.5067,2,0,1,0,0,-2.512103606,-9.79071558,10.77249994,-2.374251818,13.19055513,-5.417927128,Shock & Helgeson (1988) revised with new predicted a1 for ions
NO2-,NO2-,NO2(-),N(1)O(2),0,-7700,-25000,29.4,25.00005814,-23.29979377,1.1847,-1,0,1,0,0,5.110956119,7.095661967,3.643708704,-3.072334666,3.425934956,-7.780767992,Shock & Helgeson (1988) revised with new predicted a1 for ions
NO3-,NO3-,NO3(-),N(1)O(3),1,-26507,-49429,35.12,29.00010297,-16.07878806,1.0977,-1,0,1,0,0,5.522404587,8.637434307,3.190649477,-3.136071534,6.85637274,-6.309849127,Shock & Helgeson (1988) revised with new predicted a1 for ions
"O2,aq",O2(AQ),O2(0),O(2),1,3954,-2900,26.04,30.37973005,55.99956459,-0.3943,0,0,0,0,1,5.7889,6.3536,3.2528,-3.0417,35.353,8.3726,Shock et al. (1989)
OH-,OH-,OH(-),O(1)H(1),1,-37595,-54977,-5,-9.1,-19,1.72,-1,0,0,0,0,2.1,-5,1,-2.7,12.12,-7.52,"August 16th, 2013 fit to Bandura & Lvov (2005)"
Pb+2,PB+2,Pb(+2),Pb(1),1,-5710,220,4.2,-15.59994136,-12.70004854,1.0788,2,0,1,0,0,0.439210163,-8.949531961,8.629675198,-2.409026349,8.662399771,-5.621599887,Shock & Helgeson (1988) revised with new predicted a1 for ions
PbCl+,PBCL+,PbCl(+),Pb(1)Cl(1),0,-39050,-38630,28,13.8,4.899771461,0.1281,1,0,1,1,0,4.261941778,-0.22534489,5.027050304,-2.769684242,10.21833685,-2.036516553,Sverjensky et al. (1997) with revised a1 equal to the sum of the ions used to predict new values of V using new correlation in Sverjensky et al. (2014)
"PbCl2,aq",PBCL2(AQ),PbCl2(0),Pb(1)Cl(2),0,-71200,-77700,47,34.97000356,2.000063064,-0.038,0,0,1,1,0,8.293697509,3.613286516,1.808394247,-2.928373265,6.988677105,-2.627187154,Sverjensky et al. (1997) with revised a1 equal to the sum of the ions used to predict new values of V using new correlation in Sverjensky et al. (2014)
PbCl3-,PBCL3-,PbCl3(-),Pb(1)Cl(3),0,-102150,-117700,59,53.8,-11.99952318,0.7356,-1,0,1,1,0,12.32173206,7.44837499,-1.407291093,-3.086915822,5.911105836,-5.478902872,Sverjensky et al. (1997) with revised a1 equal to the sum of the ions used to predict new values of V using new correlation in Sverjensky et al. (2014)
Pd+2,PD+2,Pd(+2),Pd(1),0,42200,42080,-22.6,-20.80001316,-6.299892673,1.4006,2,0,1,0,0,-0.614096725,-9.24974555,9.394437007,-2.396615519,15.37797589,-4.317888137,Shock & Helgeson (1988) revised with new predicted a1 for ions
PO4-3,PO4-3,PO4(-3),P(1)O(4),0,-243500,-305300,-53,-30.6000958,-114.8999639,5.6114,-3,0,1,0,0,-1.197075861,-7.319635965,9.590613498,-2.476406249,-9.474953974,-26.43972265,Shock & Helgeson (1988) revised with new predicted a1 for ions
Pr+3,PR+3,Pr(+3),Pr(1),0,-162600,-168800,-50,-42.09999379,-47.69967108,2.235,3,0,1,0,0,-8.527528167,-1.94287112,14.10410509,-2.698681708,-1.197656472,-12.751023,Shock & Helgeson (1988) revised with new predicted a1 for ions
"propane,aq",PROPANE(AQ),C3H8,C(3)H(8),1,-1963,-30490,33.37,66.99993622,110.5995833,-0.5053,0,0,1,1,1,14.29008805,9.322445154,-2.978681166,-3.164389883,66.32953186,19.49453511,Shock & Helgeson (1990) with new a1-a4 based on revised correlation to predict a1 in Sverjensky et al. (2013)
propanoate-,PROPANOATE-,C2H5COO-,C(3)H(5)O(2),1,-86770,-122630,26.5,54.95006647,32.45551214,1.2276,-1,0,0,0,0,8.378618967,19.33650894,0.045978122,-3.57837128,52.3,-4.2,Revised a1 from new delVn correlation for -1 ions; kept original regression c1 and c2 plus omega from Shock & Helgeson (1990)
"propanoic-a,aq",PROPANOIC-A(AQ),C3H6O2,C(3)H(6)O(2),0,-93450,-122470,49.4,68,60.9,-0.09,0,0,0,0,0,14.6,7.9,6.9,-4.3,63.3,-1.4,Plyasunov & Shock (2001)
"propanol,aq",PROPANOL(AQ),C3H7OH,C(3)H(8)O(1),1,-41910,-75320,40.6,70.6998441,84.8,-0.2,0,0,0,0,0,14.6,9.1,12.2,-5.5,74.3,3.3,Plyasunov & Shock (2001)
Ra+2,RA+2,Ra(+2),Ra(1),0,-134200,-126100,13,-10.5999929,-14.40028139,0.929,2,0,1,0,0,1.546237505,-8.634006965,7.825909228,-2.422070152,6.285875837,-5.96793732,Shock & Helgeson (1988) revised with new predicted a1 for ions
Rb+,RB+,Rb(+),Rb(1),0,-67800,-60020,28.8,14.26027877,-2.99988751,0.1502,1,0,0,0,0,4.2913,-0.9041,7.407,-2.7416,5.7923,-3.6457,Shock & Helgeson (1988)
ReO4-,REO4-,ReO4(-),Re(1)O(4),0,-166000,-188200,48.1,48.10000944,-0.199747626,0.9004,-1,0,1,0,0,7.54559639,16.21870244,0.962847488,-3.449481159,14.34477682,-3.075288591,Shock & Helgeson (1988) revised with new predicted a1 for ions
"Rn,aq",RN(AQ),Rn(0),Rn(1),0,2790,-5000,16,54.10009185,82.99994948,-0.2423,0,0,0,0,1,9.0862,14.4045,0.0884,-3.3745,52.5774,13.8725,Shock et al. (1989)
S2-2,S2-2,S2(-2),S(2),0,19000,7200,6.8,20.20021025,-65.09990806,3.1083,-2,0,1,0,0,10.19749271,-6.168225714,1.544596864,-2.524005549,-3.349699022,-16.29545127,Shock & Helgeson (1988) revised with new predicted a1 for ions
S2O3-2,S2O3-2,S2O3(-2),S(2)O(3),0,-124900,-155000,16,28.50018553,-57.29954475,2.9694,-2,0,1,0,0,12.09999316,-5.625974926,0.16327134,-2.546422197,-0.057868122,-14.70651727,Shock & Helgeson (1988) revised with new predicted a1 for ions
S2O4-2,S2O4-2,S2O4(-2),S(2)O(4),0,-143500,-180100,22,35.3998478,-52.90035193,2.8772,-2,0,1,0,0,13.6952562,-5.171292965,-0.994982022,-2.565218749,1.670906639,-13.81040169,Shock & Helgeson (1988) revised with new predicted a1 for ions
S2O5-2,S2O5-2,S2O5(-2),S(2)O(5),0,-189000,-232000,25,38.39977466,-50.5001318,2.8343,-2,0,1,0,0,14.38720527,-4.974073599,-1.49737713,-2.573371797,2.682352953,-13.32147685,Shock & Helgeson (1988) revised with new predicted a1 for ions
S2O6-2,S2O6-2,S2O6(-2),S(2)O(6),0,-231000,-280400,30,43.29985795,-46.49998481,2.7587,-2,0,1,0,0,15.51417166,-4.652865577,-2.315619998,-2.586650537,4.330195318,-12.50664691,Shock & Helgeson (1988) revised with new predicted a1 for ions
S2O8-2,S2O8-2,S2O8(-2),S(2)O(8),0,-266500,-321400,58.4,79.00010533,-25.00026485,2.3281,-2,0,1,0,0,23.79582163,-2.29242923,-8.328577556,-2.684230976,12.96330963,-8.12715395,Shock & Helgeson (1988) revised with new predicted a1 for ions
S3-,S3-,S3(-),S(3),1,13160,0,23,77,95,1.6,-1,0,1,1,0,17.24201766,12.13297497,-5.335283782,-3.280577185,76.58299608,16.3169,"Regression of data from Pokrovski & Dubessy (2015, Guggenheim (1971); Feb. 2015"
S3-2,S3-2,S3(-2),S(3),0,17600,6200,15.8,29.19976374,-57.90033772,2.9749,-2,0,1,0,0,12.27051019,-5.577374153,0.039466102,-2.548431353,-0.35929924,-14.82889879,Shock & Helgeson (1988) revised with new predicted a1 for ions
S3O6-2,S3O6-2,S3O6(-2),S(3)O(6),0,-229000,-279000,33,46.400048,-44.09979003,2.7131,-2,0,1,0,0,16.22849925,-4.449267885,-2.834263205,-2.595067266,5.316752123,-12.01772723,Shock & Helgeson (1988) revised with new predicted a1 for ions
S4-2,S4-2,S4(-2),S(4),0,16500,5500,24.7,38.09996944,-50.70043851,2.839,-2,0,1,0,0,14.31829731,-4.993713752,-1.447345953,-2.572559873,2.608261197,-13.36227933,Shock & Helgeson (1988) revised with new predicted a1 for ions
S4O6-2,S4O6-2,S4O6(-2),S(4)O(6),0,-248700,-292600,61.5,74.89970084,-21.30004164,2.2805,-2,0,1,0,0,22.78730602,-2.579876405,-7.596336813,-2.672347909,14.69333756,-7.373418482,Shock & Helgeson (1988) revised with new predicted a1 for ions
S5-2,S5-2,S5(-2),S(5),0,15700,5100,33.6,46.99995303,-43.59981656,2.7051,-2,0,1,0,0,16.36721236,-4.409731867,-2.934976957,-2.596701685,5.536064711,-11.91588263,Shock & Helgeson (1988) revised with new predicted a1 for ions
S5O6-2,S506-2,S5O6(-2),S(5)O(6),0,-229000,-281000,40,53.39991988,-38.49991854,2.6076,-2,0,1,0,0,17.83986845,-3.989995345,-4.004210574,-2.614053592,7.626667884,-10.87703341,Shock & Helgeson (1988) revised with new predicted a1 for ions
Sc+3,SC+3,Sc(+3),Sc(1),0,-140200,-146800,-61,-41.90004102,-35.40031466,2.5003,3,0,1,0,0,-8.211537761,-2.174644827,13.9095441,-2.689100183,8.454689608,-10.2456441,Shock & Helgeson (1988) revised with new predicted a1 for ions
SeO3-2,SEO3-2,SeO3(-2),Se(1)O(3),0,-88400,-121700,3,16.40003306,-68.10016116,3.1658,-2,0,1,0,0,9.322825411,-6.417523437,2.179655983,-2.513699581,-4.578294254,-16.90660283,Shock & Helgeson (1988) revised with new predicted a1 for ions
SeO4-2,SEO4-2,SeO4(-2),Se(1)O(4),0,-105500,-143200,12.9,20.70018376,-60.19960423,3.0192,-2,0,1,0,0,10.26442078,-6.149149871,1.496003207,-2.524794144,-1.298682541,-15.29725938,Shock & Helgeson (1988) revised with new predicted a1 for ions
"Si2O4,aq",SI2O4(AQ),Si2O4(0),Si(2)O(4),1,-400751,-427304,18,40.00024168,48.99999918,0.1,0,0,0,1,0,10.0724,2.6931,0.6715,-2.8903,35.8049,6.9467,"Fit to Raman speciation and quartz solubility data (Sverjensky et al., 2014)."
"Si3O6,aq",SI3O6(AQ),Si3O6(0),Si(3)O(6),1,-590200,-656130,13,67.7,119,1,0,0,1,1,0,15.14807179,10.13933078,-3.663632023,-3.198159934,85.12077436,21.2057,Huang & Sverjensky (2019)
"SiO2,aq",SIO2(AQ),SiO2(0),Si(1)O(2),1,-199557,-213937,5.3,18,27.69998778,0.36,0,0,0,1,0,4.8998,1.409,4.4066,-2.8372,25.7171,2.6079,"Fit to Raman speciation and quartz solubility data (Sverjensky et al., 2014)."
Sm+2,SM+2,Sm(+2),Sm(1),0,-123000,-120500,-6.2,-5.700076553,3.700319865,1.2285,2,0,1,0,0,2.894669121,-8.249676909,6.846869772,-2.437958357,19.65318792,-2.280844843,Shock & Helgeson (1988) revised with new predicted a1 for ions
Sm+3,SM+3,Sm(+3),Sm(1),0,-159100,-165200,-50.7,-42.00020844,-43.29967816,2.2955,3,0,1,0,0,-8.435446303,-2.010411636,14.04740862,-2.695889583,1.938387099,-11.85474444,Shock & Helgeson (1988) revised with new predicted a1 for ions
Sn+2,SN+2,Sn(+2),Sn(1),0,-6630,-2100,-3.8,-15.49990317,-11.2001388,1.286,2,0,1,0,0,0.585485645,-8.907840515,8.523470725,-2.410749873,11.45033874,-5.316068273,Shock & Helgeson (1988) revised with new predicted a1 for ions
"SO2,aq",SO2(AQ),SO2(0),S(1)O(2),0,-71980,-77194,38.7,38.50002557,46.60026118,-0.2461,0,0,1,1,1,8.879446923,4.170978065,1.340775169,-2.951428233,31.20995124,6.457873203,Shock et al. (1989) with revised a1 predicted as a complex from delVn
SO3-2,SO3-2,SO3(-2),S(1)O(3),0,-116300,-151900,-7,5.600095806,-76.10000006,3.321,-2,0,1,0,0,6.832209573,-7.127398905,3.98798734,-2.484353329,-7.836860939,-18.53617001,Shock & Helgeson (1988) revised with new predicted a1 for ions
SO4-2,SO4-2,SO4(-2),S(1)O(4),1,-177930,-217400,4.5,13.87991327,-63.92004264,3.1463,-2,0,0,0,0,8.3014,-1.9846,-6.2122,-2.697,1.64,-17.998,Shock & Helgeson (1988)
Sr+2,SR+2,Sr(+2),Sr(1),1,-134760,-131670,-7.53,-17.41003721,-10.05006005,1.1363,2,0,1,0,0,0.040371315,-9.063209032,8.919255303,-2.404326939,10.74519437,-5.081797232,Shock & Helgeson (1988) revised with new predicted a1 for ions
SrCl+,SRCL+,SrCl(+),Sr(1)Cl(1),1,-165800,-169790,11,11.1,11.2497896,0.3837,1,0,1,1,0,3.860174541,-0.607867155,5.347791598,-2.753870772,16.2946395,-0.743017858,Sverjensky et al. (1997) with revised a1 equal to the sum of the ions used to predict new values of V using new correlation in Sverjensky et al. (2014)
Tb+3,TB+3,Tb(+3),Tb(1),0,-159500,-166900,-54,-40.1999276,-40.49940641,2.3685,3,0,1,0,0,-7.703624086,-2.54719106,13.5968125,-2.673699122,4.252055897,-11.28432909,Shock & Helgeson (1988) revised with new predicted a1 for ions
Tl+,TL+,Tl(+),Tl(1),0,-7740,1280,30,18.20020942,-4.199832262,0.1502,1,0,1,0,0,4.09408612,3.285264898,4.763417178,-2.914812851,5.089011851,-3.890105832,Shock & Helgeson (1988) revised with new predicted a1 for ions
Tl+3,TL+3,Tl(+3),Tl(1),0,51300,47000,-46,-39.30003805,-39.29987084,2.3474,3,0,1,0,0,-7.39037037,-2.776957451,13.40393654,-2.664200579,4.760666858,-11.03998369,Shock & Helgeson (1988) revised with new predicted a1 for ions
Tm+3,TM+3,Tm(+3),Tm(1),0,-159900,-168500,-58.1,-42.99965958,-34.29966155,2.4333,3,0,1,0,0,-8.678989776,-1.831776549,14.19736273,-2.703274357,8.482480225,-10.02144106,Shock & Helgeson (1988) revised with new predicted a1 for ions
"toluene,aq",TOLUENE(AQ),C6H5CH3,C(7)H(8),0,30260,3280,44,97.5,109,-0.29,0,0,1,1,0,20.31677511,15.06044908,-7.789943084,-3.401598965,67.37560084,19.1687,Plyasunov & Shock (2001) with new a1 to a4 predicted with revised a1 consistent with Sverjensky et al. (2013)
U+4,U+4,U(+4),U(1),1,-126650,-141300,-99.6,-53.29995938,0.200127273,3.6835,4,0,1,0,0,-15.65135339,11.32631331,17.61892578,-3.247229792,40.21936924,-2.993834074,Shock & Helgeson (1988) revised with new predicted a1 for ions
UO2+2,UO2+2,UO2(+2),U(1)O(2),1,-227680,-243550,-23.5,5.729981831,8.954626075,1.4099,2,0,1,0,0,5.734716941,-7.440206317,4.784830558,-2.471421871,24.40374348,-1.210542668,Shock & Helgeson (1988) revised with new predicted a1 for ions
"urea,aq",UREA(AQ),CH4N2O,C(1)H(4)N(2)O(1),1,-48720,-76100,42.3,44.2,21.3,0.079,0,0,0,0,0,10.1,5.37,0.333,-3,30.7,-4.42,"Revised Feb. 2015 by Dimitri: c1, c2, and omega from PS01 based on Stokes (1967) data; V from Cabani et al. (1981) with a1-a4 predicted."
VO+2,VO+2,VO(+2),V(1)O(1),0,-106700,-116300,-32,-29.39999186,-11.99972713,1.5475,2,0,1,0,0,-2.583603812,-9.811094572,10.82441323,-2.37340935,13.39088705,-5.478944416,Shock & Helgeson (1988) revised with new predicted a1 for ions
VO2+,VO2+,VO2(+),V(1)O(2),0,-140300,-155300,-10.1,-33.50002544,31.10009111,0.7003,1,0,1,0,0,-1.378047131,-17.21981494,10.78896025,-2.06713285,30.84492325,3.300488559,Shock & Helgeson (1988) revised with new predicted a1 for ions
WO4-2,WO4-2,WO4(-2),W(1)O(4),0,-219150,-257100,9.7,32.2003622,-44.49944843,3.0657,-2,0,1,0,0,13.04157276,-5.357605854,-0.520369987,-2.557516574,8.330973289,-12.09913765,Shock & Helgeson (1988) revised with new predicted a1 for ions
"Xe,aq",XE(AQ),Xe(0),Xe(1),0,3225,-4510,14.62,42.60025861,64.8000043,-0.2214,0,0,0,0,0,7.5196,10.5793,1.5919,-3.2163,42.1036,10.1652,Shock et al. (1989)
Y+3,Y+3,Y(+3),Y(1),0,-163800,-170900,-60,-40.80013235,-35.70000153,2.3792,3,0,1,0,0,-7.915635121,-2.391684493,13.72735151,-2.680127763,7.163380312,-10.30669031,Shock & Helgeson (1988) revised with new predicted a1 for ions
Yb+2,YB+2,Yb(+2),Yb(1),0,-128500,-126800,-11.2,-10.30011585,0.700304775,1.2285,2,0,1,0,0,1.794799724,-8.563161747,7.64543866,-2.424998893,17.89499416,-2.891947917,Shock & Helgeson (1988) revised with new predicted a1 for ions
Yb+3,YB+3,Yb(+3),Yb(1),0,-153000,-160300,-56.9,-44.49999408,-36.39963426,2.4443,3,0,1,0,0,-9.223324979,-1.432515731,14.53251972,-2.7197798,7.353107966,-10.4492055,Shock & Helgeson (1988) revised with new predicted a1 for ions
Zn+2,ZN+2,Zn(+2),Zn(1),1,-35200,-36660,-26.2,-24.30009425,-6.300281701,1.4574,2,0,1,0,0,-1.417424411,-9.478710053,9.977699436,-2.387150126,15.90103693,-4.317967382,Shock & Helgeson (1988) revised with new predicted a1 for ions
ZnCl+,ZNCL+,ZnCl(+),Zn(1)Cl(1),0,-66850,-66240,23,4.8,19.89990878,0.2025,1,0,1,1,0,2.549738094,-1.855532648,6.39394729,-2.70229228,19.6947768,1.019011418,Sverjensky et al. (1997) with revised a1 equal to the sum of the ions used to predict new values of V using new correlation in Sverjensky et al. (2014)
"ZnCl2,aq",ZNCL2(AQ),ZnCl2(0),Zn(1)Cl(2),0,-98300,-109080,27.03,26,34.66010145,-0.038,0,0,1,1,0,6.551633118,1.954668403,3.199129817,-2.859805992,26.12947266,4.025662666,Sverjensky et al. (1997) with revised a1 equal to the sum of the ions used to predict new values of V using new correlation in Sverjensky et al. (2014)
ZnCl3-,ZNCL3-,ZnCl3(-),Zn(1)Cl(3),0,-129310,-151060,25,43.9,41.97,1.2513,-1,0,1,1,0,10.64641103,5.85330318,-0.069838497,-3.020975553,42.29163193,5.514689,Sverjensky et al. (1997) with revised a1 equal to the sum of the ions used to predict new values of V using new correlation in Sverjensky et al. (2014)